Clade,Family,Subfamily,Species,Collection,Specimen number,Muscles dataset,Landmarks dataset,Life style
Supramyomorpha,Muridae,Murinae,Abeomelomys sevia,University of South Bohemia,CBUN MW3200_139,YES,YES,arboreal
Hystricomorpha,Abrocomidae,,Abrocoma cinerea,Natural History Museum (London),NHM 1992.302,YES,YES,terrestrial
Supramyomorpha,Muridae,Deomyinae,Acomys airensis,Muséum National d’Histoire Naturelle (Paris),MNHN 1993-1961,YES,YES,terrestrial
Supramyomorpha,Muridae,Murinae,Aethomys hindei,University of South Bohemia,ETH 1371,NO,YES,terrestrial
Supramyomorpha,Dipodidae,Allactaginae,Allactaga elater,Natural History Museum (London),NHM 1886.10.15.15-16,NO,YES,terrestrial
Supramyomorpha,Cricetidae,Arvicolinae,Alticola stoliczkanus,Natural History Museum (London),NHM 1975.296,YES,YES,NA
Sciuromorpha,Sciuridae,Xerinae,Ammospermophilus leucurus,Burke Museum of Natural History and Culture (Seattle),UWBM 37679,YES,YES,burrower
Supramyomorpha,Muridae,Murinae,Anisomys imitator,University of South Bohemia,CBUN FR2200_020,YES,YES,NA
Supramyomorpha,Anomaluridae,Anomalurinae,Anomalurus derbianus,Royal Museum for Central Africa (Tervuren),RMCA 21804,YES,YES,arboreal/gliding
Supramyomorpha,Muridae,Murinae,Anonymomys mindorensis,Field Museum of Natural History (Chicago),FMNH 222898,YES,NO,arboreal
Sciuromorpha,Aplodontidae,,Aplodontia rufa,Université de Montpellier,UM 806V,YES,YES,burrower
Supramyomorpha,Muridae,Murinae,Apodemus sylvaticus,Muséum d’Histoire Naturelle de Bourges,MB 2018-34-16,YES,YES,terrestrial
Supramyomorpha,Muridae,Murinae,Apomys banahao,Centre de Biologie pour la Gestion des Populations (Montpellier),CBGP P0049,YES,YES,terrestrial
Supramyomorpha,Muridae,Murinae,Apomys banahao,Centre de Biologie pour la Gestion des Populations (Montpellier),CBGP P0066,YES,NO,terrestrial
Supramyomorpha,Muridae,Murinae,Apomys banahao,Centre de Biologie pour la Gestion des Populations (Montpellier),CBGP P0032,YES,NO,terrestrial
Supramyomorpha,Muridae,Murinae,Apomys banahao,Centre de Biologie pour la Gestion des Populations (Montpellier),CBGP P0045,YES,NO,terrestrial
Supramyomorpha,Muridae,Murinae,Apomys banahao,Centre de Biologie pour la Gestion des Populations (Montpellier),CBGP P0064,YES,NO,terrestrial
Supramyomorpha,Muridae,Murinae,Apomys banahao,Centre de Biologie pour la Gestion des Populations (Montpellier),CBGP P0067,YES,NO,terrestrial
Supramyomorpha,Muridae,Murinae,Apomys banahao,Centre de Biologie pour la Gestion des Populations (Montpellier),CBGP P0064,YES,NO,terrestrial
Supramyomorpha,Muridae,Murinae,Apomys datae,Field Museum of Natural History (Chicago),FMNH 188274,YES,NO,terrestrial
Supramyomorpha,Muridae,Murinae,Apomys datae,Field Museum of Natural History (Chicago),FMNH 188272,YES,NO,terrestrial
Supramyomorpha,Muridae,Murinae,Apomys microdon,Field Museum of Natural History (Chicago),FMNH 209408,YES,NO,arboreal
Supramyomorpha,Muridae,Murinae,Apomys musculus,Field Museum of Natural History (Chicago),FMNH 193681,YES,NO,arboreal
Supramyomorpha,Muridae,Murinae,Archboldomys maximus,Field Museum of Natural History (Chicago),FMNH 193524,YES,NO,terrestrial
Supramyomorpha,Muridae,Murinae,Arvicanthis niloticus,Muséum National d’Histoire Naturelle (Paris),MNHN 1993-2520,YES,NO,terrestrial
Supramyomorpha,Muridae,Murinae,Arvicanthis niloticus,Muséum National d’Histoire Naturelle (Paris),MNHN 1993-2522,NO,YES,terrestrial
Supramyomorpha,Cricetidae,Arvicolinae,Arvicola amphibius,Université de Montpellier,QM858,YES,NO,burrower (C)
Supramyomorpha,Cricetidae,Arvicolinae,Arvicola amphibius,Université de Montpellier,QM857,NO,YES,burrower (C)
Hystricomorpha,Hystricidae,,Atherurus africanus,University of South Bohemia,CBUN CSB012,YES,NO,terrestrial
Sciuromorpha,Sciuridae,Xerinae,Atlantoxerus getulus,Natural History Museum (London),NHM 1977.291,YES,YES,terrestrial
Supramyomorpha,Muridae,Murinae,Baiyankamys shawmayeri,University of South Bohemia,CBUN MW3200_209,YES,NO,semiaquatic
Hystricomorpha,Bathyergidae,,Bathyergus suillus,?,BS13,YES,YES,subterranean
Hystricomorpha,Bathyergidae,,Bathyergus suillus,?,BS2,YES,NO,subterranean
Hystricomorpha,Bathyergidae,,Bathyergus suillus,?,BS4,YES,NO,subterranean
Hystricomorpha,Bathyergidae,,Bathyergus suillus,?,BS8,YES,NO,subterranean
Supramyomorpha,Muridae,Murinae,Batomys granti,Field Museum of Natural History (Chicago),FMNH 193696,YES,YES,terrestrial
Supramyomorpha,Muridae,Murinae,Berylmys bowersi,Université de Montpellier,7219,YES,NO,terrestrial
Supramyomorpha,Muridae,Murinae,Berylmys bowersi,Université de Montpellier,7220,YES,NO,terrestrial
Supramyomorpha,Muridae,Murinae,Berylmys bowersi,Université de Montpellier,7221,YES,NO,terrestrial
Supramyomorpha,Nesomyidae,Nesomyinae,Brachyuromys betsileoensis,Field Museum of Natural History (Chicago),FMNH 169221,NO,YES,terrestrial
Supramyomorpha,Muridae,Murinae,Bullimus luzonicus,Field Museum of Natural History (Chicago),FMNH 234993,YES,YES,terrestrial
Sciuromorpha,Sciuridae,Callosciurinae,Callosciurus prevostii,Muséum d’Histoire Naturelle de Bourges,MB 2022.2.5,YES,YES,arboreal
Supramyomorpha,Calomyscidae,,Calomyscus baluchi,National Museum of Natural History (Washington DC),USNM 429373,YES,NO,terrestrial
Supramyomorpha,Calomyscidae,,Calomyscus baluchi,National Museum of Natural History (Washington DC),USNM 429369,YES,YES,terrestrial
Supramyomorpha,Spalacidae,,Cannomys badius,University of South Bohemia,CBUN HDMK 18,YES,NO,subterranean (C)
Supramyomorpha,Spalacidae,,Cannomys badius,University of South Bohemia,CBUN HUAY,NO,YES,subterranean (C)
Hystricomorpha,Capromyidae,Capromyinae,Capromys pilorides,University of South Bohemia,CBUN CBS009,YES,YES,terrestrial
Supramyomorpha,Castoridae,,Castor fiber,Muséum d’Histoire Naturelle de Bourges,MB no number,YES,NO,semiaquatic
Hystricomorpha,Caviidae,Caviinae,Cavia porcellus,Université de Montpellier,UM 572N (ou 499V?),YES,YES,terrestrial
Supramyomorpha,Heteromyidae,Perognathinae,Chaetodipus formosus,Burke Museum of Natural History and Culture (Seattle),UWBM 37577,YES,YES,burrower
Hystricomorpha,Chinchillidae,,Chinchilla chinchilla,Muséum d’Histoire Naturelle de Bourges,MB 2022.2.3,YES,NO,terrestrial
Hystricomorpha,Chinchillidae,,Chinchilla lanigera,Natural History Museum (London),NHM R320,YES,YES,terrestrial
Supramyomorpha,Muridae,Murinae,Chiropodomys gliroides,?,BORN014,YES,NO,arboreal
Supramyomorpha,Muridae,Murinae,Chiropodomys major,?,BORN678,YES,YES,arboreal
Supramyomorpha,Muridae,Murinae,Chiropodomys major,?,EBD BORN678,YES,NO,arboreal
Supramyomorpha,Muridae,Murinae,Chrotomys mindorensis,Field Museum of Natural History (Chicago),FMNH 222085,YES,NO,terrestrial
Supramyomorpha,Muridae,Murinae,Chrotomys mindorensis,Field Museum of Natural History (Chicago),FMNH 222107,YES,YES,terrestrial
Supramyomorpha,Muridae,Murinae,Chrotomys mindorensis,Field Museum of Natural History (Chicago),FMNH 222111,YES,NO,terrestrial
Supramyomorpha,Muridae,Murinae,Coccymys ruemmleri,?,CBUN MW 3700-027,YES,YES,terrestrial
Hystricomorpha,Erethizontidae,,Coendou prehensilis,?,JAGUARS M5167,YES,YES,arboreal
Supramyomorpha,Muridae,Murinae,Crateromys heaneyi,University of South Bohemia,CBUN no number,YES,NO,arboreal
Supramyomorpha,Muridae,Murinae,Colomys goslingi,Field Museum of Natural History (Chicago),FMNH 207491,NO,YES,semiaquatic
Supramyomorpha,Nesomyidae,Cricetomyinae,Cricetomys gambianus,Centre de Biologie pour la Gestion des Populations (Montpellier),KB6336,NO,YES,terrestrial
Supramyomorpha,Nesomyidae,Cricetomyinae,Cricetomys gambianus,Centre de Biologie pour la Gestion des Populations (Montpellier),CBGP CR01,YES,NO,terrestrial
Supramyomorpha,Nesomyidae,Cricetomyinae,Cricetomys gambianus,Centre de Biologie pour la Gestion des Populations (Montpellier),CBGP LG1553,YES,NO,terrestrial
Supramyomorpha,Nesomyidae,Cricetomyinae,Cricetomys gambianus,Centre de Biologie pour la Gestion des Populations (Montpellier),CBGP LG1555,YES,NO,terrestrial
Hystricomorpha,Bathyergidae,,Cryptomys hottentotus,?,CHHB,YES,NO,subterranean (C)
Hystricomorpha,Bathyergidae,,Cryptomys hottentotus,?,CHMR3,YES,NO,subterranean (C)
Hystricomorpha,Bathyergidae,,Cryptomys hottentotus,?,CHPA,YES,NO,subterranean (C)
Hystricomorpha,Bathyergidae,,Cryptomys hottentotus,?,CHPB,YES,YES,subterranean (C)
Hystricomorpha,Ctenodactylidae,,Ctenodactylus vali,Université de Montpellier,N782-2008,NO,YES,terrestrial
Hystricomorpha,Ctenomyidae,,Ctenomys talarum,Natural History Museum (London),NHM 9.12.1.68-70,YES,YES,subterranean
Hystricomorpha,Cuniculidae,,Cuniculus paca,?,JAGUARS M5329,YES,YES,terrestrial
Hystricomorpha,Echimyidae,Dactylomyinae,Dactylomys dactylinus,?,RBM1232,YES,YES,arboreal
Hystricomorpha,Dasyproctidae,,Dasyprocta leporina,?,JAGUARS M5324,YES,YES,terrestrial
Supramyomorpha,Nesomyidae,Dendromurinae,Dendromus mystacalis,Natural History Museum (London),NHMUK 1975.3181,YES,YES,terrestrial
Supramyomorpha,Muridae,Deomyinae,Deomys ferrugineus,Muséum National d’Histoire Naturelle (Paris),MNHN 709?,YES,YES,terrestrial
Supramyomorpha,Cricetidae,Arvicolinae,Dicrostonyx groenlandicus,Natural History Museum (London),NHM 1995.14,YES,YES,burrower
Supramyomorpha,Cricetidae,Arvicolinae,Dinaromys bogdanovi,Muséum National d’Histoire Naturelle (Paris),MNHN HERREL,YES,YES,terrestrial
Supramyomorpha,Heteromyidae,Dipodomyinae,Dipodomys merriami,Burke Museum of Natural History and Culture (Seattle),UWBM 37549,YES,YES,burrower
Supramyomorpha,Heteromyidae,Dipodomyinae,Dipodomys sp.,University of South Bohemia,CBUN 002,YES,YES,burrower
Hystricomorpha,Caviidae,Dolichotinae,Dolichotis patagonum,?,THOIRY 01,YES,YES,terrestrial
Supramyomorpha,Muridae,Murinae,Echiothrix leucura,American Museum of Natural History (New York),AMNH 225046,YES,NO,NA
Supramyomorpha,Muridae,Murinae,Echiothrix leucura,?,kcr2456,YES,NO,NA
Supramyomorpha,Muridae,Murinae,Echiothrix sp.,?,SUISSE,YES,NO,NA
Sciuromorpha,Gliridae,Leithiinae,Eliomys quercinus,?,MC88,YES,YES,arboreal
Sciuromorpha,Gliridae,Leithiinae,Eliomys quercinus,Université de Montpellier,25111971,NO,YES,arboreal
Supramyomorpha,Nesomyidae,Nesomyinae,Eliurus majori,Field Museum of Natural History (Chicago),FMNH 165986,NO,YES,arboreal
Supramyomorpha,Cricetidae,Arvicolinae,Ellobius sp.,University of South Bohemia,CBUN FV15,YES,YES,subterranean (C)
Supramyomorpha,Spalacidae,Myospalacinae,Eospalax fontanierii,Natural History Museum (London),NHM 1909.1.1.286,YES,YES,subterranean
Hystricomorpha,Echimyidae,Eumysopinae,Euryzygomatomys spinosus,Natural History Museum (London),NHM 9.11.19.29-31,YES,YES,burrower
Sciuromorpha,Sciuridae,Callosciurinae,Exilisciurus whiteheadi,Natural History Museum (London),NHM 1895.10.4.40,YES,YES,arboreal
Hystricomorpha,Ctenodactylidae,,Felovia vae,Natural History Museum (London),NHM 1991.99,YES,YES,terrestrial
Hystricomorpha,Bathyergidae,,Fukomys anselli,?,Fans 840. Transp. 9679,YES,YES,subterranean (C)
Hystricomorpha,Bathyergidae,,Fukomys anselli,?,Fans 864. Transp. 8543 right,YES,NO,subterranean (C)
Hystricomorpha,Bathyergidae,,Fukomys anselli,?,Fans 867. Transp. 8346 left,YES,NO,subterranean (C)
Hystricomorpha,Bathyergidae,,Fukomys anselli,?,Fans Transp. 9746,YES,NO,subterranean (C)
Hystricomorpha,Bathyergidae,,Fukomys damarensis,?,FDA,YES,NO,subterranean (C)
Hystricomorpha,Bathyergidae,,Fukomys damarensis,?,FDC,YES,NO,subterranean (C)
Hystricomorpha,Bathyergidae,,Fukomys damarensis,?,FDD,YES,NO,subterranean (C)
Hystricomorpha,Bathyergidae,,Fukomys damarensis,?,FDE,YES,NO,subterranean (C)
Hystricomorpha,Bathyergidae,,Fukomys darlingi,?,"Fdarl 813, Transp. 2345",YES,NO,subterranean (C)
Hystricomorpha,Bathyergidae,,Fukomys darlingi,?,Fdarl 824. Transp. 4396,YES,NO,subterranean (C)
Hystricomorpha,Bathyergidae,,Fukomys darlingi,?,Fdarl 837,YES,NO,subterranean (C)
Hystricomorpha,Bathyergidae,,Fukomys darlingi,?,Fdarl 845. Transp. 8446,YES,NO,subterranean (C)
Hystricomorpha,Bathyergidae,,Fukomys mechowii,?,Fmech 177. Transp. 2351,YES,NO,subterranean (C)
Hystricomorpha,Bathyergidae,,Fukomys mechowii,?,Fmech 586 Transp. 0262,YES,NO,subterranean (C)
Hystricomorpha,Bathyergidae,,Fukomys mechowii,?,Fmech CB_828.,YES,NO,subterranean (C)
Hystricomorpha,Bathyergidae,,Fukomys mechowii,?,Fmech Transp. 4372,YES,NO,subterranean (C)
Hystricomorpha,Bathyergidae,,Fukomys micklemi,?,Fmick 809. Transp. 7571,YES,NO,subterranean (C)
Hystricomorpha,Bathyergidae,,Fukomys micklemi,?,Fmick 828. Transp. 0774,YES,YES,subterranean (C)
Hystricomorpha,Bathyergidae,,Fukomys micklemi,?,Fmick 842. Transp. 7689 right,YES,NO,subterranean (C)
Hystricomorpha,Bathyergidae,,Fukomys micklemi,?,Fmick 882. Transp. 6739 right,YES,NO,subterranean (C)
Sciuromorpha,Sciuridae,Callosciurinae,Funambulus palmarum,Natural History Museum (London),NHM 1971.792,YES,YES,arboreal
Sciuromorpha,Sciuridae,Xerinae,Funisciurus anerythrus,Royal Museum for Central Africa (Tervuren),RMCA 1988.011.M.004,YES,YES,terrestrial
Hystricomorpha,Caviidae,Caviinae,Galea musteloides,University of South Bohemia,CBUN CSB 005,YES,YES,terrestrial
Hystricomorpha,Bathyergidae,,Georychus capensis,?,GC 11,YES,YES,subterranean (C)
Hystricomorpha,Bathyergidae,,Georychus capensis,?,GC14,YES,NO,subterranean (C)
Hystricomorpha,Bathyergidae,,Georychus capensis,?,GC18,YES,NO,subterranean (C)
Hystricomorpha,Bathyergidae,,Georychus capensis,?,GC5,YES,NO,subterranean (C)
Hystricomorpha,Bathyergidae,,Georychus capensis,?,GC8,YES,NO,subterranean (C)
Supramyomorpha,Muridae,Gerbillinae,Gerbilliscus angolae,University of South Bohemia,CBUN ANG0104,YES,NO,terrestrial
Supramyomorpha,Muridae,Gerbillinae,Gerbillus sp.,Muséum National d’Histoire Naturelle (Paris),MNHN HERREL,NO,YES,terrestrial
Sciuromorpha,Gliridae,Glirinae,Glis glis,Université de Montpellier,UM AN01,NO,YES,arboreal
Supramyomorpha,Muridae,Murinae,Golunda ellioti,Natural History Museum (London),NHM 1892.1.9.32,YES,YES,terrestrial
Supramyomorpha,Muridae,Murinae,Grammomys poensis,Muséum National d’Histoire Naturelle (Paris),MNHN 1996-2106,YES,NO,arboreal
Supramyomorpha,Muridae,Murinae,Grammomys poensis,Muséum National d’Histoire Naturelle (Paris),MNHN 1996-2104,NO,YES,arboreal
Sciuromorpha,Gliridae,Graphiurinae,Graphiurus sp.,"Eidgenössische Technische Hochschule Zürich,",ETH0706,YES,YES,arboreal
Supramyomorpha,Nesomyidae,Nesomyinae,Gymnuromys roberti,Field Museum of Natural History (Chicago),FMNH 151896,NO,YES,terrestrial
Supramyomorpha,Muridae,Murinae,Halmaheramys wallacei,?,bisa rat 374,YES,NO,terrestrial
Supramyomorpha,Muridae,Murinae,Hapalomys longicaudatus,American Museum of Natural History (New York),AMNH 242686,YES,YES,subterranean (C)
Hystricomorpha,Bathyergidae,,Heliophobius argenteocinereus,?,Harg M5X205,YES,NO,subterranean (C)
Hystricomorpha,Bathyergidae,,Heliophobius argenteocinereus,?,Harg M5X255,YES,YES,subterranean (C)
Hystricomorpha,Bathyergidae,,Heliophobius argenteocinereus,?,Harg MOX016,YES,NO,subterranean (C)
Hystricomorpha,Bathyergidae,,Heliophobius argenteocinereus,?,MOX027,YES,NO,subterranean (C)
Sciuromorpha,Sciuridae,Xerinae,Heliosciurus gambianus,Natural History Museum (London),NHM 2022.22,YES,YES,arboreal
Hystricomorpha,Heterocephalidae,,Heterocephalus glaber,?,Hglab 599,NO,YES,subterranean (C)
Hystricomorpha,Heterocephalidae,,Heterocephalus glaber,?,Hglab 545.,YES,NO,subterranean (C)
Hystricomorpha,Heterocephalidae,,Heterocephalus glaber,?,Hglab 584. Transp. 8446,YES,YES,subterranean (C)
Hystricomorpha,Heterocephalidae,,Heterocephalus glaber,?,Hglab 868. Transp.,YES,NO,subterranean (C)
Hystricomorpha,Heterocephalidae,,Heterocephalus glaber,?,Hglab Transp. 8531,YES,NO,subterranean (C)
Supramyomorpha,Heteromyidae,Heteromyinae,Heteromys desmarestianus,Natural History Museum (London),NHM 2003.221,YES,YES,burrower
Supramyomorpha,Cricetidae,Sigmodontinae,Holochilus brasiliensis,Muséum National d’Histoire Naturelle (Paris),MNHN CG1994-5,YES,YES,semiaquatic
Supramyomorpha,Muridae,Murinae,Hybomys sp.,Muséum National d’Histoire Naturelle (Paris),MNHN 1997-848,YES,YES,NA
Supramyomorpha,Muridae,Murinae,Hybomys sp.,Muséum National d’Histoire Naturelle (Paris),MNHN 1997-831,NO,YES,NA
Hystricomorpha,Caviidae,Hydrochoerinae,Hydrochoerus hydrochaeris,?,JAGUARS M2916,NO,YES,semiaquatic
Hystricomorpha,Caviidae,Hydrochoerinae,Hydrochoerus hydrochaeris,?,JAGUARS M5306,YES,NO,semiaquatic
Supramyomorpha,Muridae,Murinae,Hydromys chrysogaster,?,pao009,NO,YES,semiaquatic
Supramyomorpha,Muridae,Murinae,Hydromys chrysogaster,?,YS 342,YES,NO,semiaquatic
Supramyomorpha,Muridae,Murinae,Hydromys chrysogaster,?,YS 391,YES,NO,semiaquatic
Supramyomorpha,Muridae,Murinae,Hydromys chrysogaster,?,PAO 024,YES,NO,semiaquatic
Supramyomorpha,Muridae,Murinae,Hydromys chrysogaster,?,PAO 102,YES,NO,semiaquatic
Supramyomorpha,Cricetidae,Sigmodontinae,Hylaeamys megacephalus,?,JAGUARS M3644,NO,YES,terrestrial
Supramyomorpha,Cricetidae,Sigmodontinae,Hylaeamys megacephalus,?,JAGUARS M2983,YES,NO,terrestrial
Supramyomorpha,Muridae,Murinae,Hyorhinomys stuempkei,?,NMVC 37198,YES,YES,NA
Supramyomorpha,Nesomyidae,Nesomyinae,Hypogeomys antimena,University of South Bohemia,CBUN NMP,YES,YES,terrestrial
Hystricomorpha,Hystricidae,,Hystrix pumila,University of South Bohemia,CBUN CSB013,YES,YES,terrestrial
Supramyomorpha,Anomaluridae,Idiurinae,Idiurus macrotis,Royal Museum for Central Africa (Tervuren),RMCA 29335,NO,YES,arboreal/gliding
Supramyomorpha,Anomaluridae,Idiurinae,Idiurus macrotis,Royal Museum for Central Africa (Tervuren),RMCA 38520,YES,NO,arboreal/gliding
Supramyomorpha,Anomaluridae,Idiurinae,Idiurus zenkeri,Natural History Museum (London),NHM 3.2.4.39,NO,YES,arboreal/gliding
Supramyomorpha,Dipodidae,Dipodinae,Jaculus jaculus,Natural History Museum (London),NHM 95.340,YES,YES,terrestrial
Supramyomorpha,Dipodidae,Dipodinae,Jaculus jaculus,Natural History Museum (London),NHM 79.2181,YES,YES,terrestrial
Hystricomorpha,Echimyidae,Dactylomyinae,Kannabateomys amblyonyx,Natural History Museum (London),NHM 9.11.19.28,YES,YES,arboreal
Hystricomorpha,Caviidae,Hydrochoerinae,Kerodon rupestris,University of South Bohemia,CBUN CSB2022-001,YES,YES,terrestrial
Hystricomorpha,Chinchillidae,,Lagostomus maximus,Natural History Museum (London),NHM 1970.25,YES,YES,burrower
Hystricomorpha,Diatomyidae,,Laonastes aenigmamus,Université de Montpellier,UM TK2007-06,YES,YES,terrestrial
Supramyomorpha,Cricetidae,Arvicolinae,Lemmus lemmus,Natural History Museum (London),NHM 2022.23,YES,YES,terrestrial
Supramyomorpha,Cricetidae,Arvicolinae,Lemmus sibiricus,Natural History Museum (London),NHM 1976.587,YES,YES,terrestrial
Supramyomorpha,Muridae,Murinae,Lenothrix canus,?,EBD BOR036,YES,YES,arboreal
Supramyomorpha,Muridae,Murinae,Leopoldamys sabanus,?,EBD BOR031,NO,YES,terrestrial
Supramyomorpha,Muridae,Murinae,Leopoldamys sabanus,?,EBD BOR041,YES,NO,terrestrial
Supramyomorpha,Muridae,Murinae,Leptomys sp.,University of South Bohemia,CBUN FR 2200-033,YES,YES,NA
Supramyomorpha,Muridae,Lophiomyinae,Lophiomys imhausi,Natural History Museum (London),NHM unreg,YES,YES,terrestrial
Supramyomorpha,Muridae,Lophiomyinae,Lophiomys imhausi,?,kenya,YES,NO,terrestrial
Supramyomorpha,Muridae,Deomyinae,Lophuromys sikapusi,Muséum National d’Histoire Naturelle (Paris),MNHN 2013-236,NO,YES,terrestrial
Supramyomorpha,Muridae,Deomyinae,Lophuromys sikapusi,Muséum National d’Histoire Naturelle (Paris),MNHN 2013-260,YES,NO,terrestrial
Supramyomorpha,Muridae,Murinae,Lorentzimys nouhuysi,University of South Bohemia,CBUN MW-2700-064,NO,YES,NA
Supramyomorpha,Muridae,Murinae,Lorentzimys nouhuysi,University of South Bohemia,CBUN MW-2700-131,YES,NO,NA
Supramyomorpha,Muridae,Murinae,Macruromys sp.,University of South Bohemia,CBUN FR 1200-029,YES,YES,terrestrial
Supramyomorpha,Nesomyidae,Nesomyinae,Macrotarsomys ingens,Field Museum of Natural History (Chicago),FMNH 161601,NO,YES,arboreal
Hystricomorpha,Echimyidae,Echimyinae,Makalata didelphoides,Université de Montpellier,UM V36-40,YES,YES,arboreal
Supramyomorpha,Muridae,Murinae,Malacomys longipes,Muséum National d’Histoire Naturelle (Paris),1991-126,NO,YES,semiaquatic
Supramyomorpha,Muridae,Murinae,Malacomys longipes,Muséum National d’Histoire Naturelle (Paris),1991-136,NO,YES,semiaquatic
Supramyomorpha,Nesomyidae,Dendromurinae,Malacothrix typica,Natural History Museum (London),NHM 1898.2.3.5,YES,YES,terrestrial
Supramyomorpha,Muridae,Murinae,Mallomys sp.,University of South Bohemia,CBUN MW3200_048,YES,NO,NA
Hystricomorpha,Ctenodactylidae,,Massoutiera mzabi,Natural History Museum (London),NHM 19.7.7.2880,YES,YES,terrestrial
Supramyomorpha,Muridae,Murinae,Mastacomys fuscus,?,MV C9999,YES,YES,terrestrial
Supramyomorpha,Muridae,Murinae,Mastomys natalensis,Muséum National d’Histoire Naturelle (Paris),MNHN 1993-166,NO,YES,terrestrial
Supramyomorpha,Muridae,Murinae,Mastomys natalensis,Muséum National d’Histoire Naturelle (Paris),MNHN 1993-168,YES,YES,terrestrial
Supramyomorpha,Muridae,Murinae,Maxomys alticola,?,BOR200,YES,YES,terrestrial
Supramyomorpha,Muridae,Murinae,Maxomys surifer,Université de Montpellier,7191,YES,NO,terrestrial
Supramyomorpha,Muridae,Murinae,Maxomys surifer,Université de Montpellier,7192,YES,NO,terrestrial
Supramyomorpha,Muridae,Murinae,Maxomys surifer,Université de Montpellier,7193,YES,NO,terrestrial
Supramyomorpha,Muridae,Murinae,Maxomys surifer,Université de Montpellier,7194,YES,NO,terrestrial
Supramyomorpha,Muridae,Murinae,Melasmothrix naso,American Museum of Natural History (New York),AMNH 225097,YES,NO,terrestrial
Supramyomorpha,Muridae,Murinae,Melomys sp.,University of South Bohemia,CBUN FR200-022,NO,YES,NA
Supramyomorpha,Muridae,Murinae,Melomys obiensis,?,YS 360,YES,NO,NA
Supramyomorpha,Muridae,Gerbillinae,Meriones shawi,Muséum National d’Histoire Naturelle (Paris),MNHN CG 1993-2269,YES,YES,terrestrial
Supramyomorpha,Cricetidae,Cricetinae,Mesocricetus auratus,Natural History Museum (London),NHM 1992.42,YES,YES,terrestrial
Hystricomorpha,Echimyidae,Eumysopinae,Mesomys hispidus,?,JAGUARS M1281,YES,YES,arboreal
Hystricomorpha,Caviidae,Caviinae,Microcavia australis,Natural History Museum (London),NHM 1992.483,YES,YES,terrestrial
Supramyomorpha,Muridae,Murinae,Microhydromys sp.,University of South Bohemia,CBUN MW1200-008,YES,NO,NA
Supramyomorpha,Cricetidae,Arvicolinae,Microtus sp.,Muséum d’Histoire Naturelle de Bourges,MB 2018-34-15,YES,YES,terrestrial
Supramyomorpha,Muridae,Murinae,Millardia meltada,Muséum National d’Histoire Naturelle (Paris),MNHN 2009-658,YES,YES,terrestrial
Supramyomorpha,Nesomyidae,Nesomyinae,Monticolomys koopmani,Field Museum of Natural History (Chicago),FMNH 161703,YES,YES,terrestrial
Supramyomorpha,Muridae,Murinae,Mus caroli,Université de Montpellier,7195,YES,NO,terrestrial
Supramyomorpha,Muridae,Murinae,Mus caroli,Université de Montpellier,7225,YES,NO,terrestrial
Supramyomorpha,Muridae,Murinae,Mus cervicolor,Université de Montpellier,7313,YES,NO,terrestrial
Supramyomorpha,Muridae,Murinae,Mus cervicolor,Université de Montpellier,7314,YES,NO,terrestrial
Supramyomorpha,Muridae,Murinae,Mus cookii,Université de Montpellier,7238,YES,NO,terrestrial
Supramyomorpha,Muridae,Murinae,Mus crociduroides,Louisiana State University,LSU 39557,YES,NO,terrestrial
Supramyomorpha,Muridae,Murinae,Mus crociduroides,Louisiana State University,LSU 39556 (HH1430),YES,YES,terrestrial
Supramyomorpha,Muridae,Murinae,Mus pahari,?,PAH 54_9,YES,NO,terrestrial
Sciuromorpha,Gliridae,Leithiinae,Muscardinus avellanarius,Natural History Museum (London),NHM 1977.856,YES,YES,arboreal
Hystricomorpha,Echimyidae,Eumysopinae,Myocastor coypus,Université de Montpellier,QM 1150,YES,YES,semiaquatic/burrower
Supramyomorpha,Cricetidae,Arvicolinae,Myodes sp.,Natural History Museum (London),NHM 1856-7-9-9-15b,YES,YES,terrestrial
Supramyomorpha,Cricetidae,Arvicolinae,Myodes sp.,Natural History Museum (London),NHM 1856-7-9-9-15a,YES,YES,terrestrial
Sciuromorpha,Sciuridae,Xerinae,Myosciurus pumilio,Natural History Museum (London),NHM 1948.974,YES,YES,arboreal
Sciuromorpha,Sciuridae,Callosciurinae,Exillisciurus exilis,Natural History Museum (London),NHM 1892.6.1.10,YES,YES,arboreal
Sciuromorpha,Sciuridae,Callosciurinae,Nannosciurus melanotis,Natural History Museum (London),NHM 2022.21,YES,YES,arboreal
Supramyomorpha,Spalacidae,Spalacinae,Nannospalax leucodon,Natural History Museum (London),NHMUK 1986.1781,YES,YES,subterranean (C)
Supramyomorpha,Cricetidae,Sigmodontinae,Neacomys paracou,?,JAGUARS M1674,YES,YES,terrestrial
Supramyomorpha,Cricetidae,Sigmodontinae,Nectomys rattus,?,JAGUARS V3614,YES,YES,terrestrial
Supramyomorpha,Cricetidae,Neotomyinae,Neotoma lepida,Burke Museum of Natural History and Culture (Seattle),UWBM 37681,YES,YES,terrestrial
Supramyomorpha,Muridae,Murinae,Nesokia indica,Natural History Museum (London),NHM 1909.7.1.82.84,YES,YES,burrower (C)
Supramyomorpha,Nesomyidae,Nesomyinae,Nesomys rufus,Field Museum of Natural History (Chicago),FMNH 173271,YES,YES,terrestrial
Supramyomorpha,Muridae,Murinae,Niviventer fulvescens,Université de Montpellier,7198,YES,NO,terrestrial
Supramyomorpha,Muridae,Murinae,Niviventer fulvescens,Université de Montpellier,7200,YES,NO,terrestrial
Supramyomorpha,Muridae,Murinae,Niviventer fulvescens,Université de Montpellier,7240,YES,NO,terrestrial
Supramyomorpha,Muridae,Murinae,Niviventer fulvescens,Université de Montpellier,7245,YES,NO,terrestrial
Supramyomorpha,Muridae,Murinae,Niviventer fulvescens,Université de Montpellier,7246,YES,NO,terrestrial
Supramyomorpha,Cricetidae,Cricetinae,Nothocricetulus migratorius,Natural History Museum (London),NHM 1880.4.9.10,NO,YES,terrestrial
Supramyomorpha,Cricetidae,Cricetinae,Nothocricetulus migratorius,Natural History Museum (London),NHM 1880.4.9.11,YES,YES,terrestrial
Supramyomorpha,Muridae,Murinae,Notomys alexis,?,MV 31400,YES,YES,terrestrial
Hystricomorpha,Octodontidae,,Octodon degus,Université de Montpellier,UM 506V,YES,YES,burrower
Supramyomorpha,Cricetidae,Sigmodontinae,Oecomys auyantepui,?,JAGUARS M2029,YES,YES,arboreal
Supramyomorpha,Cricetidae,Sigmodontinae,Oecomys rutilus,Université de Montpellier,UM V3625,YES,YES,terrestrial
Supramyomorpha,Cricetidae,Sigmodontinae,Oligoryzomys delicatus,?,JAGUARS M3252,YES,YES,terrestrial
Supramyomorpha,Cricetidae,Arvicolinae,Ondatra zibethicus,Université de Montpellier,UM 486N,YES,YES,semiaquatic/burrower
Supramyomorpha,Cricetidae,Neotomyinae,Onychomys torridus,Burke Museum of Natural History and Culture (Seattle),UWBM 37628,YES,YES,terrestrial
Supramyomorpha,Muridae,Otomyinae,Otomys tropicalis,University of South Bohemia,CBUN KE211,YES,YES,terrestrial
Supramyomorpha,Muridae,Murinae,Palawanomys furvus,Field Museum of Natural History (Chicago),FMNH 195411,YES,NO,terrestrial
Supramyomorpha,Muridae,Murinae,Paraleptomys whilelmina,American Museum of Natural History (New York),AMNH 152744,YES,NO,NA
Sciuromorpha,Sciuridae,Xerinae,Paraxerus boehmi,Royal Museum for Central Africa (Tervuren),RMCA 1995.061.M.3257,YES,NO,arboreal
Hystricomorpha,Echimyidae,Echimyinae,Pattonomys semivillosus,National Museum of Natural History (Washington DC),USNM 496485,YES,NO,arboreal
Supramyomorpha,Muridae,Murinae,Paucidentomys vermidax,?,hh766,YES,NO,NA
Hystricomorpha,Ctenodactylidae,,Pectinator spekei,Natural History Museum (London),NHM 1905.11.4.22,YES,YES,terrestrial
Supramyomorpha,Pedetidae,,Pedetes capensis,University of South Bohemia,CESKE CBS 1,YES,YES,burrower
Supramyomorpha,Heteromyidae,Perognathinae,Perognathus longimembris,Burke Museum of Natural History and Culture (Seattle),UWBM 37550,YES,YES,burrower
Supramyomorpha,Cricetidae,Neotomyinae,Peromyscus leucopus,Muséum National d’Histoire Naturelle (Paris),MNHN 1874-85 bis A,NO,YES,terrestrial
Sciuromorpha,Sciuridae,Sciurinae,Petinomys sp.,Natural History Museum (London),NHM 1903.11.2.5,YES,YES,arboreal
Hystricomorpha,Petromuridae,,Petromus typicus,Natural History Museum (London),NHM 1928.9.11.502,YES,YES,terrestrial
Supramyomorpha,Nesomyidae,Petromyscinae,Petromyscus sp.,University of South Bohemia,CBUN ANG0154,YES,YES,terrestrial
Supramyomorpha,Nesomyidae,Petromyscinae,Petromyscus sp.,University of South Bohemia,CBUN ANG0162,YES,YES,terrestrial
Supramyomorpha,Muridae,Murinae,Phloeomys pallidus,University of South Bohemia,CBUN nonb2,YES,NO,arboreal
Supramyomorpha,Cricetidae,Cricetinae,Phodopus sp.,University of South Bohemia,CBUN -,YES,YES,burrower
Supramyomorpha,Platacanthomyidae,,Platacanthomys lasiurus,Natural History Museum (London),NHM 1915.2.12.1-2,YES,YES,arboreal
Supramyomorpha,Muridae,Murinae,Pogonomelomys sp.,University of South Bohemia,CBUN FR2200-039,YES,YES,NA
Supramyomorpha,Muridae,Murinae,Pogonomys sp.,University of South Bohemia,CBUN MW-1700-033,NO,YES,arboreal
Supramyomorpha,Muridae,Murinae,Pogonomys sp.,University of South Bohemia,CBUN MW-1200-027,YES,NO,arboreal
Supramyomorpha,Muridae,Murinae,Pogonomys macrourus,?,MV C2126,NO,YES,arboreal
Supramyomorpha,Muridae,Murinae,Praomys sp.,Muséum National d’Histoire Naturelle (Paris),MNHN 1997-381,YES,YES,terrestrial
Hystricomorpha,Echimyidae,Eumysopinae,Proechimys guyannensis,?,M1199,YES,YES,terrestrial
Hystricomorpha,Echimyidae,Eumysopinae,Proechimys cuvieri,Muséum National d’Histoire Naturelle (Paris),MNHN V3651,NO,YES,terrestrial
Hystricomorpha,Echimyidae,Eumysopinae,Proechimys cuvieri,?,JAGUARS M3091,NO,YES,terrestrial
Supramyomorpha,Cricetidae,Arvicolinae,Prometheomys schaposchnikowi,University of South Bohemia,CBUN FV19,NO,YES,subterranean
Sciuromorpha,Sciuridae,Xerinae,Protoxerus stangeri,Royal Museum for Central Africa (Tervuren),RMCA 1980.036.M.0054,YES,YES,arboreal
Supramyomorpha,Muridae,Murinae,Pseudohydromys ellermani,University of South Bohemia,CBUN FR 2200-043,YES,YES,terrestrial
Supramyomorpha,Muridae,Murinae,Pseudohydromys murinus,University of South Bohemia,CBUN MW 2700-106,YES,YES,NA
Supramyomorpha,Muridae,Murinae,Pseudomys australis,?,MV C4544,YES,YES,terrestrial
Supramyomorpha,Muridae,Murinae,Pseudomys fumeus,?,MV C27811,NO,YES,terrestrial
Supramyomorpha,Muridae,Murinae,Rattus andamanensis,Université de Montpellier,7216,YES,NO,NA
Supramyomorpha,Muridae,Murinae,Rattus baluensis,?,EBD BOR210,YES,YES,NA
Supramyomorpha,Muridae,Murinae,Rattus exulans,Université de Montpellier,7288,YES,NO,terrestrial
Supramyomorpha,Muridae,Murinae,Rattus exulans,Université de Montpellier,7298,YES,NO,terrestrial
Supramyomorpha,Muridae,Murinae,Rattus exulans,Université de Montpellier,7306,YES,NO,terrestrial
Supramyomorpha,Muridae,Murinae,Rattus fuscipes,?,MV C17053,YES,YES,terrestrial
Supramyomorpha,Muridae,Murinae,Rattus norvegicus,Université de Montpellier,UM Paul Gervais,YES,YES,terrestrial
Supramyomorpha,Muridae,Murinae,Rattus tanezumi,Université de Montpellier,7206,YES,NO,terrestrial
Supramyomorpha,Muridae,Murinae,Rattus tanezumi,Université de Montpellier,7208,YES,NO,terrestrial
Supramyomorpha,Muridae,Murinae,Rattus tanezumi,Université de Montpellier,7217,YES,NO,terrestrial
Supramyomorpha,Muridae,Murinae,Rattus tanezumi,Université de Montpellier,7257,YES,NO,terrestrial
Supramyomorpha,Muridae,Murinae,Rattus tanezumi,Université de Montpellier,7270,YES,NO,terrestrial
Supramyomorpha,Muridae,Murinae,Rattus tanezumi,Université de Montpellier,7273,YES,NO,terrestrial
Supramyomorpha,Muridae,Murinae,Rattus tanezumi,Université de Montpellier,7284,YES,NO,terrestrial
Supramyomorpha,Muridae,Murinae,Rattus tanezumi,Université de Montpellier,7302,YES,NO,terrestrial
Supramyomorpha,Muridae,Murinae,Rattus tanezumi,Museum Zoologicum Bogoriense,MZB,YES,NO,terrestrial
Sciuromorpha,Sciuridae,Ratufinae,Ratufa sp.,Natural History Museum (London),NHM 2022.24,YES,YES,arboreal
Supramyomorpha,Cricetidae,Neotomyinae,Reithrodontomys megalotis,Burke Museum of Natural History and Culture (Seattle),UWBM 74514,YES,YES,terrestrial
Sciuromorpha,Sciuridae,Callosciurinae,Rhinosciurus robinsoni,Natural History Museum (London),NHM 1915.12.28.6,YES,YES,arboreal
Supramyomorpha,Muridae,Murinae,Rhynchomys isarogensis,National Museum of Natural History (Washington DC),USNM 573913,YES,YES,terrestrial
Supramyomorpha,Muridae,Murinae,Rhynchomys soricoides,Field Museum of Natural History (Chicago),FMNH 193833,YES,NO,terrestrial
Supramyomorpha,Muridae,Murinae,Rhynchomys soricoides,Field Museum of Natural History (Chicago),FMNH 193836,YES,YES,terrestrial
Supramyomorpha,Muridae,Murinae,Rhynchomys soricoides,Field Museum of Natural History (Chicago),"FMNH ""Rhy2""",YES,NO,terrestrial
Supramyomorpha,Nesomyidae,Cricetomyinae,Saccostomus campestris,Université de Montpellier,UM TDR106,YES,NO,terrestrial
Supramyomorpha,Dipodidae,Cardiocraniinae,Salpingotulus michaelis,Natural History Museum (London),NHM 65.4168,YES,YES,terrestrial
Sciuromorpha,Sciuridae,Sciurillinae,Sciurillus pusillus,Natural History Museum (London),NHM 1932.8.4.16,YES,YES,arboreal
Sciuromorpha,Sciuridae,Sciurinae,Sciurus aestuans,Muséum National d’Histoire Naturelle (Paris),MNHN 1902-46A,YES,YES,arboreal
Sciuromorpha,Sciuridae,Sciurinae,Sciurus vulgaris,Muséum d’Histoire Naturelle de Bourges,MB 2022.2.12,YES,YES,arboreal
Sciuromorpha,Sciuridae,Sciurinae,Sciurus vulgaris,Muséum d’Histoire Naturelle de Bourges,MB 2023.2.14,YES,NO,arboreal
Sciuromorpha,Sciuridae,Sciurinae,Sciurus vulgaris,Muséum d’Histoire Naturelle de Bourges,MB 2022.2.15,YES,YES,arboreal
Supramyomorpha,Dipodidae,Sicistinae,Sicista betulina,University of South Bohemia,CBUN unregistered,YES,YES,terrestrial
Supramyomorpha,Cricetidae,Sigmodontinae,Sigmodon hispidus,Muséum d’Histoire Naturelle de Bourges,MNHN 2000-231,YES,NO,terrestrial
Supramyomorpha,Muridae,Murinae,Sommeromys macrorhinos,?,kcr2596,YES,NO,NA
Supramyomorpha,Muridae,Murinae,Sommeromys macrorhinos,?,kcr2644,YES,NO,NA
Supramyomorpha,Muridae,Murinae,Soricomys leonardocoi,Field Museum of Natural History (Chicago),FMNH 190966,YES,YES,terrestrial
Supramyomorpha,Muridae,Murinae,Soricomys leonardocoi,Field Museum of Natural History (Chicago),FMNH 190967,YES,NO,terrestrial
Hystricomorpha,Octodontidae,,Spalacopus cyanus,University of South Bohemia,CBUN SC2ID1,YES,YES,subterranean (C)
Supramyomorpha,Spalacidae,Spalacinae,Spalax sp.,University of South Bohemia,CBUN ISR007,YES,YES,subterranean (C)
Supramyomorpha,Spalacidae,Spalacinae,Spalax sp.,University of South Bohemia,CBUN 961,YES,YES,subterranean (C)
Supramyomorpha,Nesomyidae,Dendromurinae,Steatomys caurinus,Royal Museum for Central Africa (Tervuren),RMCA 1993.012.M0353,YES,YES,terrestrial
Supramyomorpha,Nesomyidae,Dendromurinae,Steatomys parvus,University of South Bohemia,CBUN RS0977,YES,YES,terrestrial
Supramyomorpha,Nesomyidae,Dendromurinae,Steatomys parvus,University of South Bohemia,CBUN RS0713,YES,NO,terrestrial
Supramyomorpha,Muridae,Murinae,Stenocephalemys albipes,University of South Bohemia,CBUN ETH1426,YES,YES,terrestrial
Supramyomorpha,Muridae,Murinae,Stenocephalemys sp.,University of South Bohemia,CBUN ETH1371,YES,NO,terrestrial
Supramyomorpha,Muridae,Murinae,Stenomys sp.,?,MV C2104,YES,NO,NA
Supramyomorpha,Muridae,Murinae,Stochomys longicaudatus,Muséum National d’Histoire Naturelle (Paris),MNHN 2000-288,YES,YES,terrestrial
Supramyomorpha,Muridae,Murinae,Sundamys infraluteus,?,EBD BORN272,YES,NO,NA
Supramyomorpha,Muridae,Murinae,Sundamys infraluteus,?,BORN282,YES,YES,NA
Supramyomorpha,Muridae,Murinae,Sundamys infraluteus,?,BORN510,YES,YES,NA
Supramyomorpha,Muridae,Murinae,Sundamys muelleri,?,EBD BORN424,YES,NO,terrestrial
Supramyomorpha,Muridae,Murinae,Sundamys muelleri,?,BORN031,YES,NO,terrestrial
Supramyomorpha,Muridae,Murinae,Sundamys muelleri,?,BORN173,YES,YES,terrestrial
Supramyomorpha,Muridae,Murinae,Sundamys muelleri,?,BORN567,YES,NO,terrestrial
Supramyomorpha,Muridae,Murinae,Sundamys muelleri,?,BORN572,NO,YES,terrestrial
Sciuromorpha,Sciuridae,Callosciurinae,Sundasciurus philippinensis,Field Museum of Natural History (Chicago),FMNH 208786,YES,YES,terrestrial
Supramyomorpha,Spalacidae,Tachyoryctinae,Tachyoryctes splendens,University of South Bohemia,CBUN ID588,NO,YES,subterranean (C)
Supramyomorpha,Spalacidae,Tachyoryctinae,Tachyoryctes splendens,Royal Museum for Central Africa (Tervuren),RMCA 1980.055.M.0189,YES,NO,subterranean (C)
Sciuromorpha,Sciuridae,Xerinae,Tamias minimus,Burke Museum of Natural History and Culture (Seattle),UWBM 74537,YES,YES,terrestrial
Sciuromorpha,Sciuridae,Callosciurinae,Tamiops maritimus,Natural History Museum (London),NHM 2022.5.4,YES,YES,arboreal
Supramyomorpha,Muridae,Murinae,Tarsomys apoensis,Field Museum of Natural History (Chicago),FMNH 147968,YES,NO,terrestrial
Supramyomorpha,Muridae,Murinae,Tateomys rhinogradoides,American Museum of Natural History (New York),AMNH 223968,YES,NO,terrestrial
Supramyomorpha,Muridae,Murinae,Tateomys rhinogradoides,?,hh780,YES,NO,terrestrial
Supramyomorpha,Muridae,Murinae,Tateomys rhinogradoides,?,hh821,YES,NO,terrestrial
Supramyomorpha,Cricetidae,Sigmodontinae,Thomasomys sp.,?,MUSM 40832,YES,NO,NA
Supramyomorpha,Geomyidae,,Thomomys talpoides,?,FU23CB,YES,YES,subterranean (C)
Hystricomorpha,Echimyidae,Eumysopinae,Thrichomys laurentius,Natural History Museum (London),NHM 3.10.1.118-221,YES,YES,terrestrial
Hystricomorpha,Thryonomyidae,,Thryonomys swinderianus,Muséum National d’Histoire Naturelle (Paris),MNHN 1996-41,YES,YES,terrestrial
Supramyomorpha,Cricetidae,Tylomyinae,Tylomys watsoni,National Museum of Natural History (Washington DC),USNM 460459,YES,YES,arboreal
Supramyomorpha,Platacanthomyidae,,Typhlomys cinereus,?,RUS 101505,NO,YES,arboreal
Supramyomorpha,Muridae,Deomyinae,Uranomys ruddi,Muséum National d’Histoire Naturelle (Paris),MNHN 1996-2080,YES,YES,terrestrial
Sciuromorpha,Sciuridae,Xerinae,Urocitellus richardsonii,Natural History Museum (London),NHM 1893.1.5.1,YES,YES,burrower
Supramyomorpha,Muridae,Murinae,Vandeleuria oleracea,Université de Montpellier,THAILAND no number,YES,NO,arboreal
Sciuromorpha,Sciuridae,Xerinae,Xerus erythropus,Natural History Museum (London),NHM 1922.3.3.11,YES,YES,burrower
Supramyomorpha,Muridae,Murinae,Zelotomys woosnami,Natural History Museum (London),NHM 1910.6.3.86,YES,YES,terrestrial
Supramyomorpha,Cricetidae,Sigmodontinae,Zygodontomys brevicauda,?,JAGUARS M1376,YES,YES,terrestrial
